{"v":"5.7.4","fr":24,"ip":0,"op":38,"w":190,"h":77,"nm":"age_night_00","ddd":0,"assets":[{"id":"image_0","w":190,"h":77,"u":"images/","p":"age_night_00.png","e":0},{"id":"image_1","w":190,"h":77,"u":"images/","p":"age_night_01.png","e":0},{"id":"image_2","w":190,"h":77,"u":"images/","p":"age_night_02.png","e":0},{"id":"image_3","w":190,"h":77,"u":"images/","p":"age_night_03.png","e":0},{"id":"image_4","w":190,"h":77,"u":"images/","p":"age_night_04.png","e":0},{"id":"image_5","w":190,"h":77,"u":"images/","p":"age_night_05.png","e":0},{"id":"image_6","w":190,"h":77,"u":"images/","p":"age_night_06.png","e":0},{"id":"image_7","w":190,"h":77,"u":"images/","p":"age_night_07.png","e":0},{"id":"image_8","w":190,"h":77,"u":"images/","p":"age_night_08.png","e":0},{"id":"image_9","w":190,"h":77,"u":"images/","p":"age_night_09.png","e":0},{"id":"image_10","w":190,"h":77,"u":"images/","p":"age_night_10.png","e":0},{"id":"image_11","w":190,"h":77,"u":"images/","p":"age_night_11.png","e":0},{"id":"image_12","w":190,"h":77,"u":"images/","p":"age_night_12.png","e":0},{"id":"image_13","w":190,"h":77,"u":"images/","p":"age_night_13.png","e":0},{"id":"image_14","w":190,"h":77,"u":"images/","p":"age_night_14.png","e":0},{"id":"image_15","w":190,"h":77,"u":"images/","p":"age_night_15.png","e":0},{"id":"image_16","w":190,"h":77,"u":"images/","p":"age_night_16.png","e":0},{"id":"image_17","w":190,"h":77,"u":"images/","p":"age_night_17.png","e":0},{"id":"image_18","w":190,"h":77,"u":"images/","p":"age_night_18.png","e":0},{"id":"image_19","w":190,"h":77,"u":"images/","p":"age_night_19.png","e":0},{"id":"image_20","w":190,"h":77,"u":"images/","p":"age_night_20.png","e":0},{"id":"image_21","w":190,"h":77,"u":"images/","p":"age_night_21.png","e":0},{"id":"image_22","w":190,"h":77,"u":"images/","p":"age_night_22.png","e":0},{"id":"image_23","w":190,"h":77,"u":"images/","p":"age_night_23.png","e":0},{"id":"image_24","w":190,"h":77,"u":"images/","p":"age_night_24.png","e":0},{"id":"image_25","w":190,"h":77,"u":"images/","p":"age_night_25.png","e":0},{"id":"image_26","w":190,"h":77,"u":"images/","p":"age_night_26.png","e":0},{"id":"image_27","w":190,"h":77,"u":"images/","p":"age_night_27.png","e":0},{"id":"image_28","w":190,"h":77,"u":"images/","p":"age_night_28.png","e":0},{"id":"image_29","w":190,"h":77,"u":"images/","p":"age_night_29.png","e":0},{"id":"image_30","w":190,"h":77,"u":"images/","p":"age_night_30.png","e":0},{"id":"image_31","w":190,"h":77,"u":"images/","p":"age_night_31.png","e":0},{"id":"image_32","w":190,"h":77,"u":"images/","p":"age_night_32.png","e":0},{"id":"image_33","w":190,"h":77,"u":"images/","p":"age_night_33.png","e":0},{"id":"image_34","w":190,"h":77,"u":"images/","p":"age_night_34.png","e":0},{"id":"image_35","w":190,"h":77,"u":"images/","p":"age_night_35.png","e":0},{"id":"image_36","w":190,"h":77,"u":"images/","p":"age_night_36.png","e":0},{"id":"image_37","w":190,"h":77,"u":"images/","p":"age_night_37.png","e":0},{"id":"image_38","w":190,"h":77,"u":"images/","p":"age_night_38.png","e":0},{"id":"image_39","w":190,"h":77,"u":"images/","p":"age_night_39.png","e":0},{"id":"image_40","w":190,"h":77,"u":"images/","p":"age_night_40.png","e":0},{"id":"image_41","w":190,"h":77,"u":"images/","p":"age_night_41.png","e":0},{"id":"image_42","w":190,"h":77,"u":"images/","p":"age_night_42.png","e":0},{"id":"image_43","w":190,"h":77,"u":"images/","p":"age_night_43.png","e":0},{"id":"image_44","w":190,"h":77,"u":"images/","p":"age_night_44.png","e":0},{"id":"image_45","w":190,"h":77,"u":"images/","p":"age_night_45.png","e":0},{"id":"image_46","w":190,"h":77,"u":"images/","p":"age_night_46.png","e":0},{"id":"image_47","w":190,"h":77,"u":"images/","p":"age_night_47.png","e":0}],"layers":[{"ddd":0,"ind":1,"ty":2,"nm":"age_night_00.png","cl":"png","refId":"image_0","sr":1,"ks":{"o":{"a":0,"k":100,"ix":11},"r":{"a":0,"k":0,"ix":10},"p":{"a":0,"k":[95,38.5,0],"ix":2,"l":2},"a":{"a":0,"k":[95,38.5,0],"ix":1,"l":2},"s":{"a":0,"k":[100,100,100],"ix":6,"l":2}},"ao":0,"ip":0,"op":0.8,"st":0,"bm":0},{"ddd":0,"ind":2,"ty":2,"nm":"age_night_01.png","cl":"png","refId":"image_1","sr":1,"ks":{"o":{"a":0,"k":100,"ix":11},"r":{"a":0,"k":0,"ix":10},"p":{"a":0,"k":[95,38.5,0],"ix":2,"l":2},"a":{"a":0,"k":[95,38.5,0],"ix":1,"l":2},"s":{"a":0,"k":[100,100,100],"ix":6,"l":2}},"ao":0,"ip":0.8,"op":1.6,"st":0.8,"bm":0},{"ddd":0,"ind":3,"ty":2,"nm":"age_night_02.png","cl":"png","refId":"image_2","sr":1,"ks":{"o":{"a":0,"k":100,"ix":11},"r":{"a":0,"k":0,"ix":10},"p":{"a":0,"k":[95,38.5,0],"ix":2,"l":2},"a":{"a":0,"k":[95,38.5,0],"ix":1,"l":2},"s":{"a":0,"k":[100,100,100],"ix":6,"l":2}},"ao":0,"ip":1.6,"op":2.4,"st":1.6,"bm":0},{"ddd":0,"ind":4,"ty":2,"nm":"age_night_03.png","cl":"png","refId":"image_3","sr":1,"ks":{"o":{"a":0,"k":100,"ix":11},"r":{"a":0,"k":0,"ix":10},"p":{"a":0,"k":[95,38.5,0],"ix":2,"l":2},"a":{"a":0,"k":[95,38.5,0],"ix":1,"l":2},"s":{"a":0,"k":[100,100,100],"ix":6,"l":2}},"ao":0,"ip":2.4,"op":3.2,"st":2.4,"bm":0},{"ddd":0,"ind":5,"ty":2,"nm":"age_night_04.png","cl":"png","refId":"image_4","sr":1,"ks":{"o":{"a":0,"k":100,"ix":11},"r":{"a":0,"k":0,"ix":10},"p":{"a":0,"k":[95,38.5,0],"ix":2,"l":2},"a":{"a":0,"k":[95,38.5,0],"ix":1,"l":2},"s":{"a":0,"k":[100,100,100],"ix":6,"l":2}},"ao":0,"ip":3.2,"op":4,"st":3.2,"bm":0},{"ddd":0,"ind":6,"ty":2,"nm":"age_night_05.png","cl":"png","refId":"image_5","sr":1,"ks":{"o":{"a":0,"k":100,"ix":11},"r":{"a":0,"k":0,"ix":10},"p":{"a":0,"k":[95,38.5,0],"ix":2,"l":2},"a":{"a":0,"k":[95,38.5,0],"ix":1,"l":2},"s":{"a":0,"k":[100,100,100],"ix":6,"l":2}},"ao":0,"ip":4,"op":4.8,"st":4,"bm":0},{"ddd":0,"ind":7,"ty":2,"nm":"age_night_06.png","cl":"png","refId":"image_6","sr":1,"ks":{"o":{"a":0,"k":100,"ix":11},"r":{"a":0,"k":0,"ix":10},"p":{"a":0,"k":[95,38.5,0],"ix":2,"l":2},"a":{"a":0,"k":[95,38.5,0],"ix":1,"l":2},"s":{"a":0,"k":[100,100,100],"ix":6,"l":2}},"ao":0,"ip":4.8,"op":5.6,"st":4.8,"bm":0},{"ddd":0,"ind":8,"ty":2,"nm":"age_night_07.png","cl":"png","refId":"image_7","sr":1,"ks":{"o":{"a":0,"k":100,"ix":11},"r":{"a":0,"k":0,"ix":10},"p":{"a":0,"k":[95,38.5,0],"ix":2,"l":2},"a":{"a":0,"k":[95,38.5,0],"ix":1,"l":2},"s":{"a":0,"k":[100,100,100],"ix":6,"l":2}},"ao":0,"ip":5.6,"op":6.4,"st":5.6,"bm":0},{"ddd":0,"ind":9,"ty":2,"nm":"age_night_08.png","cl":"png","refId":"image_8","sr":1,"ks":{"o":{"a":0,"k":100,"ix":11},"r":{"a":0,"k":0,"ix":10},"p":{"a":0,"k":[95,38.5,0],"ix":2,"l":2},"a":{"a":0,"k":[95,38.5,0],"ix":1,"l":2},"s":{"a":0,"k":[100,100,100],"ix":6,"l":2}},"ao":0,"ip":6.4,"op":7.2,"st":6.4,"bm":0},{"ddd":0,"ind":10,"ty":2,"nm":"age_night_09.png","cl":"png","refId":"image_9","sr":1,"ks":{"o":{"a":0,"k":100,"ix":11},"r":{"a":0,"k":0,"ix":10},"p":{"a":0,"k":[95,38.5,0],"ix":2,"l":2},"a":{"a":0,"k":[95,38.5,0],"ix":1,"l":2},"s":{"a":0,"k":[100,100,100],"ix":6,"l":2}},"ao":0,"ip":7.2,"op":8,"st":7.2,"bm":0},{"ddd":0,"ind":11,"ty":2,"nm":"age_night_10.png","cl":"png","refId":"image_10","sr":1,"ks":{"o":{"a":0,"k":100,"ix":11},"r":{"a":0,"k":0,"ix":10},"p":{"a":0,"k":[95,38.5,0],"ix":2,"l":2},"a":{"a":0,"k":[95,38.5,0],"ix":1,"l":2},"s":{"a":0,"k":[100,100,100],"ix":6,"l":2}},"ao":0,"ip":8,"op":8.8,"st":8,"bm":0},{"ddd":0,"ind":12,"ty":2,"nm":"age_night_11.png","cl":"png","refId":"image_11","sr":1,"ks":{"o":{"a":0,"k":100,"ix":11},"r":{"a":0,"k":0,"ix":10},"p":{"a":0,"k":[95,38.5,0],"ix":2,"l":2},"a":{"a":0,"k":[95,38.5,0],"ix":1,"l":2},"s":{"a":0,"k":[100,100,100],"ix":6,"l":2}},"ao":0,"ip":8.8,"op":9.6,"st":8.8,"bm":0},{"ddd":0,"ind":13,"ty":2,"nm":"age_night_12.png","cl":"png","refId":"image_12","sr":1,"ks":{"o":{"a":0,"k":100,"ix":11},"r":{"a":0,"k":0,"ix":10},"p":{"a":0,"k":[95,38.5,0],"ix":2,"l":2},"a":{"a":0,"k":[95,38.5,0],"ix":1,"l":2},"s":{"a":0,"k":[100,100,100],"ix":6,"l":2}},"ao":0,"ip":9.6,"op":10.4,"st":9.6,"bm":0},{"ddd":0,"ind":14,"ty":2,"nm":"age_night_13.png","cl":"png","refId":"image_13","sr":1,"ks":{"o":{"a":0,"k":100,"ix":11},"r":{"a":0,"k":0,"ix":10},"p":{"a":0,"k":[95,38.5,0],"ix":2,"l":2},"a":{"a":0,"k":[95,38.5,0],"ix":1,"l":2},"s":{"a":0,"k":[100,100,100],"ix":6,"l":2}},"ao":0,"ip":10.4,"op":11.2,"st":10.4,"bm":0},{"ddd":0,"ind":15,"ty":2,"nm":"age_night_14.png","cl":"png","refId":"image_14","sr":1,"ks":{"o":{"a":0,"k":100,"ix":11},"r":{"a":0,"k":0,"ix":10},"p":{"a":0,"k":[95,38.5,0],"ix":2,"l":2},"a":{"a":0,"k":[95,38.5,0],"ix":1,"l":2},"s":{"a":0,"k":[100,100,100],"ix":6,"l":2}},"ao":0,"ip":11.2,"op":12,"st":11.2,"bm":0},{"ddd":0,"ind":16,"ty":2,"nm":"age_night_15.png","cl":"png","refId":"image_15","sr":1,"ks":{"o":{"a":0,"k":100,"ix":11},"r":{"a":0,"k":0,"ix":10},"p":{"a":0,"k":[95,38.5,0],"ix":2,"l":2},"a":{"a":0,"k":[95,38.5,0],"ix":1,"l":2},"s":{"a":0,"k":[100,100,100],"ix":6,"l":2}},"ao":0,"ip":12,"op":12.8,"st":12,"bm":0},{"ddd":0,"ind":17,"ty":2,"nm":"age_night_16.png","cl":"png","refId":"image_16","sr":1,"ks":{"o":{"a":0,"k":100,"ix":11},"r":{"a":0,"k":0,"ix":10},"p":{"a":0,"k":[95,38.5,0],"ix":2,"l":2},"a":{"a":0,"k":[95,38.5,0],"ix":1,"l":2},"s":{"a":0,"k":[100,100,100],"ix":6,"l":2}},"ao":0,"ip":12.8,"op":13.6,"st":12.8,"bm":0},{"ddd":0,"ind":18,"ty":2,"nm":"age_night_17.png","cl":"png","refId":"image_17","sr":1,"ks":{"o":{"a":0,"k":100,"ix":11},"r":{"a":0,"k":0,"ix":10},"p":{"a":0,"k":[95,38.5,0],"ix":2,"l":2},"a":{"a":0,"k":[95,38.5,0],"ix":1,"l":2},"s":{"a":0,"k":[100,100,100],"ix":6,"l":2}},"ao":0,"ip":13.6,"op":14.4,"st":13.6,"bm":0},{"ddd":0,"ind":19,"ty":2,"nm":"age_night_18.png","cl":"png","refId":"image_18","sr":1,"ks":{"o":{"a":0,"k":100,"ix":11},"r":{"a":0,"k":0,"ix":10},"p":{"a":0,"k":[95,38.5,0],"ix":2,"l":2},"a":{"a":0,"k":[95,38.5,0],"ix":1,"l":2},"s":{"a":0,"k":[100,100,100],"ix":6,"l":2}},"ao":0,"ip":14.4,"op":15.2,"st":14.4,"bm":0},{"ddd":0,"ind":20,"ty":2,"nm":"age_night_19.png","cl":"png","refId":"image_19","sr":1,"ks":{"o":{"a":0,"k":100,"ix":11},"r":{"a":0,"k":0,"ix":10},"p":{"a":0,"k":[95,38.5,0],"ix":2,"l":2},"a":{"a":0,"k":[95,38.5,0],"ix":1,"l":2},"s":{"a":0,"k":[100,100,100],"ix":6,"l":2}},"ao":0,"ip":15.2,"op":16,"st":15.2,"bm":0},{"ddd":0,"ind":21,"ty":2,"nm":"age_night_20.png","cl":"png","refId":"image_20","sr":1,"ks":{"o":{"a":0,"k":100,"ix":11},"r":{"a":0,"k":0,"ix":10},"p":{"a":0,"k":[95,38.5,0],"ix":2,"l":2},"a":{"a":0,"k":[95,38.5,0],"ix":1,"l":2},"s":{"a":0,"k":[100,100,100],"ix":6,"l":2}},"ao":0,"ip":16,"op":16.8,"st":16,"bm":0},{"ddd":0,"ind":22,"ty":2,"nm":"age_night_21.png","cl":"png","refId":"image_21","sr":1,"ks":{"o":{"a":0,"k":100,"ix":11},"r":{"a":0,"k":0,"ix":10},"p":{"a":0,"k":[95,38.5,0],"ix":2,"l":2},"a":{"a":0,"k":[95,38.5,0],"ix":1,"l":2},"s":{"a":0,"k":[100,100,100],"ix":6,"l":2}},"ao":0,"ip":16.8,"op":17.6,"st":16.8,"bm":0},{"ddd":0,"ind":23,"ty":2,"nm":"age_night_22.png","cl":"png","refId":"image_22","sr":1,"ks":{"o":{"a":0,"k":100,"ix":11},"r":{"a":0,"k":0,"ix":10},"p":{"a":0,"k":[95,38.5,0],"ix":2,"l":2},"a":{"a":0,"k":[95,38.5,0],"ix":1,"l":2},"s":{"a":0,"k":[100,100,100],"ix":6,"l":2}},"ao":0,"ip":17.6,"op":18.4,"st":17.6,"bm":0},{"ddd":0,"ind":24,"ty":2,"nm":"age_night_23.png","cl":"png","refId":"image_23","sr":1,"ks":{"o":{"a":0,"k":100,"ix":11},"r":{"a":0,"k":0,"ix":10},"p":{"a":0,"k":[95,38.5,0],"ix":2,"l":2},"a":{"a":0,"k":[95,38.5,0],"ix":1,"l":2},"s":{"a":0,"k":[100,100,100],"ix":6,"l":2}},"ao":0,"ip":18.4,"op":19.2,"st":18.4,"bm":0},{"ddd":0,"ind":25,"ty":2,"nm":"age_night_24.png","cl":"png","refId":"image_24","sr":1,"ks":{"o":{"a":0,"k":100,"ix":11},"r":{"a":0,"k":0,"ix":10},"p":{"a":0,"k":[95,38.5,0],"ix":2,"l":2},"a":{"a":0,"k":[95,38.5,0],"ix":1,"l":2},"s":{"a":0,"k":[100,100,100],"ix":6,"l":2}},"ao":0,"ip":19.2,"op":20,"st":19.2,"bm":0},{"ddd":0,"ind":26,"ty":2,"nm":"age_night_25.png","cl":"png","refId":"image_25","sr":1,"ks":{"o":{"a":0,"k":100,"ix":11},"r":{"a":0,"k":0,"ix":10},"p":{"a":0,"k":[95,38.5,0],"ix":2,"l":2},"a":{"a":0,"k":[95,38.5,0],"ix":1,"l":2},"s":{"a":0,"k":[100,100,100],"ix":6,"l":2}},"ao":0,"ip":20,"op":20.8,"st":20,"bm":0},{"ddd":0,"ind":27,"ty":2,"nm":"age_night_26.png","cl":"png","refId":"image_26","sr":1,"ks":{"o":{"a":0,"k":100,"ix":11},"r":{"a":0,"k":0,"ix":10},"p":{"a":0,"k":[95,38.5,0],"ix":2,"l":2},"a":{"a":0,"k":[95,38.5,0],"ix":1,"l":2},"s":{"a":0,"k":[100,100,100],"ix":6,"l":2}},"ao":0,"ip":20.8,"op":21.6,"st":20.8,"bm":0},{"ddd":0,"ind":28,"ty":2,"nm":"age_night_27.png","cl":"png","refId":"image_27","sr":1,"ks":{"o":{"a":0,"k":100,"ix":11},"r":{"a":0,"k":0,"ix":10},"p":{"a":0,"k":[95,38.5,0],"ix":2,"l":2},"a":{"a":0,"k":[95,38.5,0],"ix":1,"l":2},"s":{"a":0,"k":[100,100,100],"ix":6,"l":2}},"ao":0,"ip":21.6,"op":22.4,"st":21.6,"bm":0},{"ddd":0,"ind":29,"ty":2,"nm":"age_night_28.png","cl":"png","refId":"image_28","sr":1,"ks":{"o":{"a":0,"k":100,"ix":11},"r":{"a":0,"k":0,"ix":10},"p":{"a":0,"k":[95,38.5,0],"ix":2,"l":2},"a":{"a":0,"k":[95,38.5,0],"ix":1,"l":2},"s":{"a":0,"k":[100,100,100],"ix":6,"l":2}},"ao":0,"ip":22.4,"op":23.2,"st":22.4,"bm":0},{"ddd":0,"ind":30,"ty":2,"nm":"age_night_29.png","cl":"png","refId":"image_29","sr":1,"ks":{"o":{"a":0,"k":100,"ix":11},"r":{"a":0,"k":0,"ix":10},"p":{"a":0,"k":[95,38.5,0],"ix":2,"l":2},"a":{"a":0,"k":[95,38.5,0],"ix":1,"l":2},"s":{"a":0,"k":[100,100,100],"ix":6,"l":2}},"ao":0,"ip":23.2,"op":24,"st":23.2,"bm":0},{"ddd":0,"ind":31,"ty":2,"nm":"age_night_30.png","cl":"png","refId":"image_30","sr":1,"ks":{"o":{"a":0,"k":100,"ix":11},"r":{"a":0,"k":0,"ix":10},"p":{"a":0,"k":[95,38.5,0],"ix":2,"l":2},"a":{"a":0,"k":[95,38.5,0],"ix":1,"l":2},"s":{"a":0,"k":[100,100,100],"ix":6,"l":2}},"ao":0,"ip":24,"op":24.8,"st":24,"bm":0},{"ddd":0,"ind":32,"ty":2,"nm":"age_night_31.png","cl":"png","refId":"image_31","sr":1,"ks":{"o":{"a":0,"k":100,"ix":11},"r":{"a":0,"k":0,"ix":10},"p":{"a":0,"k":[95,38.5,0],"ix":2,"l":2},"a":{"a":0,"k":[95,38.5,0],"ix":1,"l":2},"s":{"a":0,"k":[100,100,100],"ix":6,"l":2}},"ao":0,"ip":24.8,"op":25.6,"st":24.8,"bm":0},{"ddd":0,"ind":33,"ty":2,"nm":"age_night_32.png","cl":"png","refId":"image_32","sr":1,"ks":{"o":{"a":0,"k":100,"ix":11},"r":{"a":0,"k":0,"ix":10},"p":{"a":0,"k":[95,38.5,0],"ix":2,"l":2},"a":{"a":0,"k":[95,38.5,0],"ix":1,"l":2},"s":{"a":0,"k":[100,100,100],"ix":6,"l":2}},"ao":0,"ip":25.6,"op":26.4,"st":25.6,"bm":0},{"ddd":0,"ind":34,"ty":2,"nm":"age_night_33.png","cl":"png","refId":"image_33","sr":1,"ks":{"o":{"a":0,"k":100,"ix":11},"r":{"a":0,"k":0,"ix":10},"p":{"a":0,"k":[95,38.5,0],"ix":2,"l":2},"a":{"a":0,"k":[95,38.5,0],"ix":1,"l":2},"s":{"a":0,"k":[100,100,100],"ix":6,"l":2}},"ao":0,"ip":26.4,"op":27.2,"st":26.4,"bm":0},{"ddd":0,"ind":35,"ty":2,"nm":"age_night_34.png","cl":"png","refId":"image_34","sr":1,"ks":{"o":{"a":0,"k":100,"ix":11},"r":{"a":0,"k":0,"ix":10},"p":{"a":0,"k":[95,38.5,0],"ix":2,"l":2},"a":{"a":0,"k":[95,38.5,0],"ix":1,"l":2},"s":{"a":0,"k":[100,100,100],"ix":6,"l":2}},"ao":0,"ip":27.2,"op":28,"st":27.2,"bm":0},{"ddd":0,"ind":36,"ty":2,"nm":"age_night_35.png","cl":"png","refId":"image_35","sr":1,"ks":{"o":{"a":0,"k":100,"ix":11},"r":{"a":0,"k":0,"ix":10},"p":{"a":0,"k":[95,38.5,0],"ix":2,"l":2},"a":{"a":0,"k":[95,38.5,0],"ix":1,"l":2},"s":{"a":0,"k":[100,100,100],"ix":6,"l":2}},"ao":0,"ip":28,"op":28.8,"st":28,"bm":0},{"ddd":0,"ind":37,"ty":2,"nm":"age_night_36.png","cl":"png","refId":"image_36","sr":1,"ks":{"o":{"a":0,"k":100,"ix":11},"r":{"a":0,"k":0,"ix":10},"p":{"a":0,"k":[95,38.5,0],"ix":2,"l":2},"a":{"a":0,"k":[95,38.5,0],"ix":1,"l":2},"s":{"a":0,"k":[100,100,100],"ix":6,"l":2}},"ao":0,"ip":28.8,"op":29.6,"st":28.8,"bm":0},{"ddd":0,"ind":38,"ty":2,"nm":"age_night_37.png","cl":"png","refId":"image_37","sr":1,"ks":{"o":{"a":0,"k":100,"ix":11},"r":{"a":0,"k":0,"ix":10},"p":{"a":0,"k":[95,38.5,0],"ix":2,"l":2},"a":{"a":0,"k":[95,38.5,0],"ix":1,"l":2},"s":{"a":0,"k":[100,100,100],"ix":6,"l":2}},"ao":0,"ip":29.6,"op":30.4,"st":29.6,"bm":0},{"ddd":0,"ind":39,"ty":2,"nm":"age_night_38.png","cl":"png","refId":"image_38","sr":1,"ks":{"o":{"a":0,"k":100,"ix":11},"r":{"a":0,"k":0,"ix":10},"p":{"a":0,"k":[95,38.5,0],"ix":2,"l":2},"a":{"a":0,"k":[95,38.5,0],"ix":1,"l":2},"s":{"a":0,"k":[100,100,100],"ix":6,"l":2}},"ao":0,"ip":30.4,"op":31.2,"st":30.4,"bm":0},{"ddd":0,"ind":40,"ty":2,"nm":"age_night_39.png","cl":"png","refId":"image_39","sr":1,"ks":{"o":{"a":0,"k":100,"ix":11},"r":{"a":0,"k":0,"ix":10},"p":{"a":0,"k":[95,38.5,0],"ix":2,"l":2},"a":{"a":0,"k":[95,38.5,0],"ix":1,"l":2},"s":{"a":0,"k":[100,100,100],"ix":6,"l":2}},"ao":0,"ip":31.2,"op":32,"st":31.2,"bm":0},{"ddd":0,"ind":41,"ty":2,"nm":"age_night_40.png","cl":"png","refId":"image_40","sr":1,"ks":{"o":{"a":0,"k":100,"ix":11},"r":{"a":0,"k":0,"ix":10},"p":{"a":0,"k":[95,38.5,0],"ix":2,"l":2},"a":{"a":0,"k":[95,38.5,0],"ix":1,"l":2},"s":{"a":0,"k":[100,100,100],"ix":6,"l":2}},"ao":0,"ip":32,"op":32.8,"st":32,"bm":0},{"ddd":0,"ind":42,"ty":2,"nm":"age_night_41.png","cl":"png","refId":"image_41","sr":1,"ks":{"o":{"a":0,"k":100,"ix":11},"r":{"a":0,"k":0,"ix":10},"p":{"a":0,"k":[95,38.5,0],"ix":2,"l":2},"a":{"a":0,"k":[95,38.5,0],"ix":1,"l":2},"s":{"a":0,"k":[100,100,100],"ix":6,"l":2}},"ao":0,"ip":32.8,"op":33.6,"st":32.8,"bm":0},{"ddd":0,"ind":43,"ty":2,"nm":"age_night_42.png","cl":"png","refId":"image_42","sr":1,"ks":{"o":{"a":0,"k":100,"ix":11},"r":{"a":0,"k":0,"ix":10},"p":{"a":0,"k":[95,38.5,0],"ix":2,"l":2},"a":{"a":0,"k":[95,38.5,0],"ix":1,"l":2},"s":{"a":0,"k":[100,100,100],"ix":6,"l":2}},"ao":0,"ip":33.6,"op":34.4,"st":33.6,"bm":0},{"ddd":0,"ind":44,"ty":2,"nm":"age_night_43.png","cl":"png","refId":"image_43","sr":1,"ks":{"o":{"a":0,"k":100,"ix":11},"r":{"a":0,"k":0,"ix":10},"p":{"a":0,"k":[95,38.5,0],"ix":2,"l":2},"a":{"a":0,"k":[95,38.5,0],"ix":1,"l":2},"s":{"a":0,"k":[100,100,100],"ix":6,"l":2}},"ao":0,"ip":34.4,"op":35.2,"st":34.4,"bm":0},{"ddd":0,"ind":45,"ty":2,"nm":"age_night_44.png","cl":"png","refId":"image_44","sr":1,"ks":{"o":{"a":0,"k":100,"ix":11},"r":{"a":0,"k":0,"ix":10},"p":{"a":0,"k":[95,38.5,0],"ix":2,"l":2},"a":{"a":0,"k":[95,38.5,0],"ix":1,"l":2},"s":{"a":0,"k":[100,100,100],"ix":6,"l":2}},"ao":0,"ip":35.2,"op":36,"st":35.2,"bm":0},{"ddd":0,"ind":46,"ty":2,"nm":"age_night_45.png","cl":"png","refId":"image_45","sr":1,"ks":{"o":{"a":0,"k":100,"ix":11},"r":{"a":0,"k":0,"ix":10},"p":{"a":0,"k":[95,38.5,0],"ix":2,"l":2},"a":{"a":0,"k":[95,38.5,0],"ix":1,"l":2},"s":{"a":0,"k":[100,100,100],"ix":6,"l":2}},"ao":0,"ip":36,"op":36.8,"st":36,"bm":0},{"ddd":0,"ind":47,"ty":2,"nm":"age_night_46.png","cl":"png","refId":"image_46","sr":1,"ks":{"o":{"a":0,"k":100,"ix":11},"r":{"a":0,"k":0,"ix":10},"p":{"a":0,"k":[95,38.5,0],"ix":2,"l":2},"a":{"a":0,"k":[95,38.5,0],"ix":1,"l":2},"s":{"a":0,"k":[100,100,100],"ix":6,"l":2}},"ao":0,"ip":36.8,"op":37.6,"st":36.8,"bm":0},{"ddd":0,"ind":48,"ty":2,"nm":"age_night_47.png","cl":"png","refId":"image_47","sr":1,"ks":{"o":{"a":0,"k":100,"ix":11},"r":{"a":0,"k":0,"ix":10},"p":{"a":0,"k":[95,38.5,0],"ix":2,"l":2},"a":{"a":0,"k":[95,38.5,0],"ix":1,"l":2},"s":{"a":0,"k":[100,100,100],"ix":6,"l":2}},"ao":0,"ip":37.6,"op":38.4,"st":37.6,"bm":0}],"markers":[]}