{"v":"5.7.4","fr":24,"ip":0,"op":48,"w":190,"h":77,"nm":"you_age_47","ddd":0,"assets":[{"id":"image_0","w":190,"h":77,"u":"images/","p":"img_0.png","e":0},{"id":"image_1","w":190,"h":77,"u":"images/","p":"img_1.png","e":0},{"id":"image_2","w":190,"h":77,"u":"images/","p":"img_2.png","e":0},{"id":"image_3","w":190,"h":77,"u":"images/","p":"img_3.png","e":0},{"id":"image_4","w":190,"h":77,"u":"images/","p":"img_4.png","e":0},{"id":"image_5","w":190,"h":77,"u":"images/","p":"img_5.png","e":0},{"id":"image_6","w":190,"h":77,"u":"images/","p":"img_6.png","e":0},{"id":"image_7","w":190,"h":77,"u":"images/","p":"img_7.png","e":0},{"id":"image_8","w":190,"h":77,"u":"images/","p":"img_8.png","e":0},{"id":"image_9","w":190,"h":77,"u":"images/","p":"img_9.png","e":0},{"id":"image_10","w":190,"h":77,"u":"images/","p":"img_10.png","e":0},{"id":"image_11","w":190,"h":77,"u":"images/","p":"img_11.png","e":0},{"id":"image_12","w":190,"h":77,"u":"images/","p":"img_12.png","e":0},{"id":"image_13","w":190,"h":77,"u":"images/","p":"img_13.png","e":0},{"id":"image_14","w":190,"h":77,"u":"images/","p":"img_14.png","e":0},{"id":"image_15","w":190,"h":77,"u":"images/","p":"img_15.png","e":0},{"id":"image_16","w":190,"h":77,"u":"images/","p":"img_16.png","e":0},{"id":"image_17","w":190,"h":77,"u":"images/","p":"img_17.png","e":0},{"id":"image_18","w":190,"h":77,"u":"images/","p":"img_18.png","e":0},{"id":"image_19","w":190,"h":77,"u":"images/","p":"img_19.png","e":0},{"id":"image_20","w":190,"h":77,"u":"images/","p":"img_20.png","e":0},{"id":"image_21","w":190,"h":77,"u":"images/","p":"img_21.png","e":0},{"id":"image_22","w":190,"h":77,"u":"images/","p":"img_22.png","e":0},{"id":"image_23","w":190,"h":77,"u":"images/","p":"img_23.png","e":0},{"id":"image_24","w":190,"h":77,"u":"images/","p":"img_24.png","e":0},{"id":"image_25","w":190,"h":77,"u":"images/","p":"img_25.png","e":0},{"id":"image_26","w":190,"h":77,"u":"images/","p":"img_26.png","e":0},{"id":"image_27","w":190,"h":77,"u":"images/","p":"img_27.png","e":0},{"id":"image_28","w":190,"h":77,"u":"images/","p":"img_28.png","e":0},{"id":"image_29","w":190,"h":77,"u":"images/","p":"img_29.png","e":0},{"id":"image_30","w":190,"h":77,"u":"images/","p":"img_30.png","e":0},{"id":"image_31","w":190,"h":77,"u":"images/","p":"img_31.png","e":0},{"id":"image_32","w":190,"h":77,"u":"images/","p":"img_32.png","e":0},{"id":"image_33","w":190,"h":77,"u":"images/","p":"img_33.png","e":0},{"id":"image_34","w":190,"h":77,"u":"images/","p":"img_34.png","e":0},{"id":"image_35","w":190,"h":77,"u":"images/","p":"img_35.png","e":0},{"id":"image_36","w":190,"h":77,"u":"images/","p":"img_36.png","e":0},{"id":"image_37","w":190,"h":77,"u":"images/","p":"img_37.png","e":0},{"id":"image_38","w":190,"h":77,"u":"images/","p":"img_38.png","e":0},{"id":"image_39","w":190,"h":77,"u":"images/","p":"img_39.png","e":0},{"id":"image_40","w":190,"h":77,"u":"images/","p":"img_40.png","e":0},{"id":"image_41","w":190,"h":77,"u":"images/","p":"img_41.png","e":0},{"id":"image_42","w":190,"h":77,"u":"images/","p":"img_42.png","e":0},{"id":"image_43","w":190,"h":77,"u":"images/","p":"img_43.png","e":0},{"id":"image_44","w":190,"h":77,"u":"images/","p":"img_44.png","e":0},{"id":"image_45","w":190,"h":77,"u":"images/","p":"img_45.png","e":0},{"id":"image_46","w":190,"h":77,"u":"images/","p":"img_46.png","e":0},{"id":"image_47","w":190,"h":77,"u":"images/","p":"img_47.png","e":0}],"layers":[{"ddd":0,"ind":1,"ty":2,"nm":"you_age_47.png","cl":"png","refId":"image_0","sr":1,"ks":{"o":{"a":0,"k":100,"ix":11},"r":{"a":0,"k":0,"ix":10},"p":{"a":0,"k":[95,38.5,0],"ix":2,"l":2},"a":{"a":0,"k":[95,38.5,0],"ix":1,"l":2},"s":{"a":0,"k":[100,100,100],"ix":6,"l":2}},"ao":0,"ip":47,"op":48,"st":47,"bm":0},{"ddd":0,"ind":2,"ty":2,"nm":"you_age_46.png","cl":"png","refId":"image_1","sr":1,"ks":{"o":{"a":0,"k":100,"ix":11},"r":{"a":0,"k":0,"ix":10},"p":{"a":0,"k":[95,38.5,0],"ix":2,"l":2},"a":{"a":0,"k":[95,38.5,0],"ix":1,"l":2},"s":{"a":0,"k":[100,100,100],"ix":6,"l":2}},"ao":0,"ip":46,"op":47,"st":46,"bm":0},{"ddd":0,"ind":3,"ty":2,"nm":"you_age_45.png","cl":"png","refId":"image_2","sr":1,"ks":{"o":{"a":0,"k":100,"ix":11},"r":{"a":0,"k":0,"ix":10},"p":{"a":0,"k":[95,38.5,0],"ix":2,"l":2},"a":{"a":0,"k":[95,38.5,0],"ix":1,"l":2},"s":{"a":0,"k":[100,100,100],"ix":6,"l":2}},"ao":0,"ip":45,"op":46,"st":45,"bm":0},{"ddd":0,"ind":4,"ty":2,"nm":"you_age_44.png","cl":"png","refId":"image_3","sr":1,"ks":{"o":{"a":0,"k":100,"ix":11},"r":{"a":0,"k":0,"ix":10},"p":{"a":0,"k":[95,38.5,0],"ix":2,"l":2},"a":{"a":0,"k":[95,38.5,0],"ix":1,"l":2},"s":{"a":0,"k":[100,100,100],"ix":6,"l":2}},"ao":0,"ip":44,"op":45,"st":44,"bm":0},{"ddd":0,"ind":5,"ty":2,"nm":"you_age_43.png","cl":"png","refId":"image_4","sr":1,"ks":{"o":{"a":0,"k":100,"ix":11},"r":{"a":0,"k":0,"ix":10},"p":{"a":0,"k":[95,38.5,0],"ix":2,"l":2},"a":{"a":0,"k":[95,38.5,0],"ix":1,"l":2},"s":{"a":0,"k":[100,100,100],"ix":6,"l":2}},"ao":0,"ip":43,"op":44,"st":43,"bm":0},{"ddd":0,"ind":6,"ty":2,"nm":"you_age_42.png","cl":"png","refId":"image_5","sr":1,"ks":{"o":{"a":0,"k":100,"ix":11},"r":{"a":0,"k":0,"ix":10},"p":{"a":0,"k":[95,38.5,0],"ix":2,"l":2},"a":{"a":0,"k":[95,38.5,0],"ix":1,"l":2},"s":{"a":0,"k":[100,100,100],"ix":6,"l":2}},"ao":0,"ip":42,"op":43,"st":42,"bm":0},{"ddd":0,"ind":7,"ty":2,"nm":"you_age_41.png","cl":"png","refId":"image_6","sr":1,"ks":{"o":{"a":0,"k":100,"ix":11},"r":{"a":0,"k":0,"ix":10},"p":{"a":0,"k":[95,38.5,0],"ix":2,"l":2},"a":{"a":0,"k":[95,38.5,0],"ix":1,"l":2},"s":{"a":0,"k":[100,100,100],"ix":6,"l":2}},"ao":0,"ip":41,"op":42,"st":41,"bm":0},{"ddd":0,"ind":8,"ty":2,"nm":"you_age_40.png","cl":"png","refId":"image_7","sr":1,"ks":{"o":{"a":0,"k":100,"ix":11},"r":{"a":0,"k":0,"ix":10},"p":{"a":0,"k":[95,38.5,0],"ix":2,"l":2},"a":{"a":0,"k":[95,38.5,0],"ix":1,"l":2},"s":{"a":0,"k":[100,100,100],"ix":6,"l":2}},"ao":0,"ip":40,"op":41,"st":40,"bm":0},{"ddd":0,"ind":9,"ty":2,"nm":"you_age_39.png","cl":"png","refId":"image_8","sr":1,"ks":{"o":{"a":0,"k":100,"ix":11},"r":{"a":0,"k":0,"ix":10},"p":{"a":0,"k":[95,38.5,0],"ix":2,"l":2},"a":{"a":0,"k":[95,38.5,0],"ix":1,"l":2},"s":{"a":0,"k":[100,100,100],"ix":6,"l":2}},"ao":0,"ip":39,"op":40,"st":39,"bm":0},{"ddd":0,"ind":10,"ty":2,"nm":"you_age_38.png","cl":"png","refId":"image_9","sr":1,"ks":{"o":{"a":0,"k":100,"ix":11},"r":{"a":0,"k":0,"ix":10},"p":{"a":0,"k":[95,38.5,0],"ix":2,"l":2},"a":{"a":0,"k":[95,38.5,0],"ix":1,"l":2},"s":{"a":0,"k":[100,100,100],"ix":6,"l":2}},"ao":0,"ip":38,"op":39,"st":38,"bm":0},{"ddd":0,"ind":11,"ty":2,"nm":"you_age_37.png","cl":"png","refId":"image_10","sr":1,"ks":{"o":{"a":0,"k":100,"ix":11},"r":{"a":0,"k":0,"ix":10},"p":{"a":0,"k":[95,38.5,0],"ix":2,"l":2},"a":{"a":0,"k":[95,38.5,0],"ix":1,"l":2},"s":{"a":0,"k":[100,100,100],"ix":6,"l":2}},"ao":0,"ip":37,"op":38,"st":37,"bm":0},{"ddd":0,"ind":12,"ty":2,"nm":"you_age_36.png","cl":"png","refId":"image_11","sr":1,"ks":{"o":{"a":0,"k":100,"ix":11},"r":{"a":0,"k":0,"ix":10},"p":{"a":0,"k":[95,38.5,0],"ix":2,"l":2},"a":{"a":0,"k":[95,38.5,0],"ix":1,"l":2},"s":{"a":0,"k":[100,100,100],"ix":6,"l":2}},"ao":0,"ip":36,"op":37,"st":36,"bm":0},{"ddd":0,"ind":13,"ty":2,"nm":"you_age_35.png","cl":"png","refId":"image_12","sr":1,"ks":{"o":{"a":0,"k":100,"ix":11},"r":{"a":0,"k":0,"ix":10},"p":{"a":0,"k":[95,38.5,0],"ix":2,"l":2},"a":{"a":0,"k":[95,38.5,0],"ix":1,"l":2},"s":{"a":0,"k":[100,100,100],"ix":6,"l":2}},"ao":0,"ip":35,"op":36,"st":35,"bm":0},{"ddd":0,"ind":14,"ty":2,"nm":"you_age_34.png","cl":"png","refId":"image_13","sr":1,"ks":{"o":{"a":0,"k":100,"ix":11},"r":{"a":0,"k":0,"ix":10},"p":{"a":0,"k":[95,38.5,0],"ix":2,"l":2},"a":{"a":0,"k":[95,38.5,0],"ix":1,"l":2},"s":{"a":0,"k":[100,100,100],"ix":6,"l":2}},"ao":0,"ip":34,"op":35,"st":34,"bm":0},{"ddd":0,"ind":15,"ty":2,"nm":"you_age_33.png","cl":"png","refId":"image_14","sr":1,"ks":{"o":{"a":0,"k":100,"ix":11},"r":{"a":0,"k":0,"ix":10},"p":{"a":0,"k":[95,38.5,0],"ix":2,"l":2},"a":{"a":0,"k":[95,38.5,0],"ix":1,"l":2},"s":{"a":0,"k":[100,100,100],"ix":6,"l":2}},"ao":0,"ip":33,"op":34,"st":33,"bm":0},{"ddd":0,"ind":16,"ty":2,"nm":"you_age_32.png","cl":"png","refId":"image_15","sr":1,"ks":{"o":{"a":0,"k":100,"ix":11},"r":{"a":0,"k":0,"ix":10},"p":{"a":0,"k":[95,38.5,0],"ix":2,"l":2},"a":{"a":0,"k":[95,38.5,0],"ix":1,"l":2},"s":{"a":0,"k":[100,100,100],"ix":6,"l":2}},"ao":0,"ip":32,"op":33,"st":32,"bm":0},{"ddd":0,"ind":17,"ty":2,"nm":"you_age_31.png","cl":"png","refId":"image_16","sr":1,"ks":{"o":{"a":0,"k":100,"ix":11},"r":{"a":0,"k":0,"ix":10},"p":{"a":0,"k":[95,38.5,0],"ix":2,"l":2},"a":{"a":0,"k":[95,38.5,0],"ix":1,"l":2},"s":{"a":0,"k":[100,100,100],"ix":6,"l":2}},"ao":0,"ip":31,"op":32,"st":31,"bm":0},{"ddd":0,"ind":18,"ty":2,"nm":"you_age_30.png","cl":"png","refId":"image_17","sr":1,"ks":{"o":{"a":0,"k":100,"ix":11},"r":{"a":0,"k":0,"ix":10},"p":{"a":0,"k":[95,38.5,0],"ix":2,"l":2},"a":{"a":0,"k":[95,38.5,0],"ix":1,"l":2},"s":{"a":0,"k":[100,100,100],"ix":6,"l":2}},"ao":0,"ip":30,"op":31,"st":30,"bm":0},{"ddd":0,"ind":19,"ty":2,"nm":"you_age_29.png","cl":"png","refId":"image_18","sr":1,"ks":{"o":{"a":0,"k":100,"ix":11},"r":{"a":0,"k":0,"ix":10},"p":{"a":0,"k":[95,38.5,0],"ix":2,"l":2},"a":{"a":0,"k":[95,38.5,0],"ix":1,"l":2},"s":{"a":0,"k":[100,100,100],"ix":6,"l":2}},"ao":0,"ip":29,"op":30,"st":29,"bm":0},{"ddd":0,"ind":20,"ty":2,"nm":"you_age_28.png","cl":"png","refId":"image_19","sr":1,"ks":{"o":{"a":0,"k":100,"ix":11},"r":{"a":0,"k":0,"ix":10},"p":{"a":0,"k":[95,38.5,0],"ix":2,"l":2},"a":{"a":0,"k":[95,38.5,0],"ix":1,"l":2},"s":{"a":0,"k":[100,100,100],"ix":6,"l":2}},"ao":0,"ip":28,"op":29,"st":28,"bm":0},{"ddd":0,"ind":21,"ty":2,"nm":"you_age_27.png","cl":"png","refId":"image_20","sr":1,"ks":{"o":{"a":0,"k":100,"ix":11},"r":{"a":0,"k":0,"ix":10},"p":{"a":0,"k":[95,38.5,0],"ix":2,"l":2},"a":{"a":0,"k":[95,38.5,0],"ix":1,"l":2},"s":{"a":0,"k":[100,100,100],"ix":6,"l":2}},"ao":0,"ip":27,"op":28,"st":27,"bm":0},{"ddd":0,"ind":22,"ty":2,"nm":"you_age_26.png","cl":"png","refId":"image_21","sr":1,"ks":{"o":{"a":0,"k":100,"ix":11},"r":{"a":0,"k":0,"ix":10},"p":{"a":0,"k":[95,38.5,0],"ix":2,"l":2},"a":{"a":0,"k":[95,38.5,0],"ix":1,"l":2},"s":{"a":0,"k":[100,100,100],"ix":6,"l":2}},"ao":0,"ip":26,"op":27,"st":26,"bm":0},{"ddd":0,"ind":23,"ty":2,"nm":"you_age_25.png","cl":"png","refId":"image_22","sr":1,"ks":{"o":{"a":0,"k":100,"ix":11},"r":{"a":0,"k":0,"ix":10},"p":{"a":0,"k":[95,38.5,0],"ix":2,"l":2},"a":{"a":0,"k":[95,38.5,0],"ix":1,"l":2},"s":{"a":0,"k":[100,100,100],"ix":6,"l":2}},"ao":0,"ip":25,"op":26,"st":25,"bm":0},{"ddd":0,"ind":24,"ty":2,"nm":"you_age_24.png","cl":"png","refId":"image_23","sr":1,"ks":{"o":{"a":0,"k":100,"ix":11},"r":{"a":0,"k":0,"ix":10},"p":{"a":0,"k":[95,38.5,0],"ix":2,"l":2},"a":{"a":0,"k":[95,38.5,0],"ix":1,"l":2},"s":{"a":0,"k":[100,100,100],"ix":6,"l":2}},"ao":0,"ip":24,"op":25,"st":24,"bm":0},{"ddd":0,"ind":25,"ty":2,"nm":"you_age_23.png","cl":"png","refId":"image_24","sr":1,"ks":{"o":{"a":0,"k":100,"ix":11},"r":{"a":0,"k":0,"ix":10},"p":{"a":0,"k":[95,38.5,0],"ix":2,"l":2},"a":{"a":0,"k":[95,38.5,0],"ix":1,"l":2},"s":{"a":0,"k":[100,100,100],"ix":6,"l":2}},"ao":0,"ip":23,"op":24,"st":23,"bm":0},{"ddd":0,"ind":26,"ty":2,"nm":"you_age_22.png","cl":"png","refId":"image_25","sr":1,"ks":{"o":{"a":0,"k":100,"ix":11},"r":{"a":0,"k":0,"ix":10},"p":{"a":0,"k":[95,38.5,0],"ix":2,"l":2},"a":{"a":0,"k":[95,38.5,0],"ix":1,"l":2},"s":{"a":0,"k":[100,100,100],"ix":6,"l":2}},"ao":0,"ip":22,"op":23,"st":22,"bm":0},{"ddd":0,"ind":27,"ty":2,"nm":"you_age_21.png","cl":"png","refId":"image_26","sr":1,"ks":{"o":{"a":0,"k":100,"ix":11},"r":{"a":0,"k":0,"ix":10},"p":{"a":0,"k":[95,38.5,0],"ix":2,"l":2},"a":{"a":0,"k":[95,38.5,0],"ix":1,"l":2},"s":{"a":0,"k":[100,100,100],"ix":6,"l":2}},"ao":0,"ip":21,"op":22,"st":21,"bm":0},{"ddd":0,"ind":28,"ty":2,"nm":"you_age_20.png","cl":"png","refId":"image_27","sr":1,"ks":{"o":{"a":0,"k":100,"ix":11},"r":{"a":0,"k":0,"ix":10},"p":{"a":0,"k":[95,38.5,0],"ix":2,"l":2},"a":{"a":0,"k":[95,38.5,0],"ix":1,"l":2},"s":{"a":0,"k":[100,100,100],"ix":6,"l":2}},"ao":0,"ip":20,"op":21,"st":20,"bm":0},{"ddd":0,"ind":29,"ty":2,"nm":"you_age_19.png","cl":"png","refId":"image_28","sr":1,"ks":{"o":{"a":0,"k":100,"ix":11},"r":{"a":0,"k":0,"ix":10},"p":{"a":0,"k":[95,38.5,0],"ix":2,"l":2},"a":{"a":0,"k":[95,38.5,0],"ix":1,"l":2},"s":{"a":0,"k":[100,100,100],"ix":6,"l":2}},"ao":0,"ip":19,"op":20,"st":19,"bm":0},{"ddd":0,"ind":30,"ty":2,"nm":"you_age_18.png","cl":"png","refId":"image_29","sr":1,"ks":{"o":{"a":0,"k":100,"ix":11},"r":{"a":0,"k":0,"ix":10},"p":{"a":0,"k":[95,38.5,0],"ix":2,"l":2},"a":{"a":0,"k":[95,38.5,0],"ix":1,"l":2},"s":{"a":0,"k":[100,100,100],"ix":6,"l":2}},"ao":0,"ip":18,"op":19,"st":18,"bm":0},{"ddd":0,"ind":31,"ty":2,"nm":"you_age_17.png","cl":"png","refId":"image_30","sr":1,"ks":{"o":{"a":0,"k":100,"ix":11},"r":{"a":0,"k":0,"ix":10},"p":{"a":0,"k":[95,38.5,0],"ix":2,"l":2},"a":{"a":0,"k":[95,38.5,0],"ix":1,"l":2},"s":{"a":0,"k":[100,100,100],"ix":6,"l":2}},"ao":0,"ip":17,"op":18,"st":17,"bm":0},{"ddd":0,"ind":32,"ty":2,"nm":"you_age_16.png","cl":"png","refId":"image_31","sr":1,"ks":{"o":{"a":0,"k":100,"ix":11},"r":{"a":0,"k":0,"ix":10},"p":{"a":0,"k":[95,38.5,0],"ix":2,"l":2},"a":{"a":0,"k":[95,38.5,0],"ix":1,"l":2},"s":{"a":0,"k":[100,100,100],"ix":6,"l":2}},"ao":0,"ip":16,"op":17,"st":16,"bm":0},{"ddd":0,"ind":33,"ty":2,"nm":"you_age_15.png","cl":"png","refId":"image_32","sr":1,"ks":{"o":{"a":0,"k":100,"ix":11},"r":{"a":0,"k":0,"ix":10},"p":{"a":0,"k":[95,38.5,0],"ix":2,"l":2},"a":{"a":0,"k":[95,38.5,0],"ix":1,"l":2},"s":{"a":0,"k":[100,100,100],"ix":6,"l":2}},"ao":0,"ip":15,"op":16,"st":15,"bm":0},{"ddd":0,"ind":34,"ty":2,"nm":"you_age_14.png","cl":"png","refId":"image_33","sr":1,"ks":{"o":{"a":0,"k":100,"ix":11},"r":{"a":0,"k":0,"ix":10},"p":{"a":0,"k":[95,38.5,0],"ix":2,"l":2},"a":{"a":0,"k":[95,38.5,0],"ix":1,"l":2},"s":{"a":0,"k":[100,100,100],"ix":6,"l":2}},"ao":0,"ip":14,"op":15,"st":14,"bm":0},{"ddd":0,"ind":35,"ty":2,"nm":"you_age_13.png","cl":"png","refId":"image_34","sr":1,"ks":{"o":{"a":0,"k":100,"ix":11},"r":{"a":0,"k":0,"ix":10},"p":{"a":0,"k":[95,38.5,0],"ix":2,"l":2},"a":{"a":0,"k":[95,38.5,0],"ix":1,"l":2},"s":{"a":0,"k":[100,100,100],"ix":6,"l":2}},"ao":0,"ip":13,"op":14,"st":13,"bm":0},{"ddd":0,"ind":36,"ty":2,"nm":"you_age_12.png","cl":"png","refId":"image_35","sr":1,"ks":{"o":{"a":0,"k":100,"ix":11},"r":{"a":0,"k":0,"ix":10},"p":{"a":0,"k":[95,38.5,0],"ix":2,"l":2},"a":{"a":0,"k":[95,38.5,0],"ix":1,"l":2},"s":{"a":0,"k":[100,100,100],"ix":6,"l":2}},"ao":0,"ip":12,"op":13,"st":12,"bm":0},{"ddd":0,"ind":37,"ty":2,"nm":"you_age_11.png","cl":"png","refId":"image_36","sr":1,"ks":{"o":{"a":0,"k":100,"ix":11},"r":{"a":0,"k":0,"ix":10},"p":{"a":0,"k":[95,38.5,0],"ix":2,"l":2},"a":{"a":0,"k":[95,38.5,0],"ix":1,"l":2},"s":{"a":0,"k":[100,100,100],"ix":6,"l":2}},"ao":0,"ip":11,"op":12,"st":11,"bm":0},{"ddd":0,"ind":38,"ty":2,"nm":"you_age_10.png","cl":"png","refId":"image_37","sr":1,"ks":{"o":{"a":0,"k":100,"ix":11},"r":{"a":0,"k":0,"ix":10},"p":{"a":0,"k":[95,38.5,0],"ix":2,"l":2},"a":{"a":0,"k":[95,38.5,0],"ix":1,"l":2},"s":{"a":0,"k":[100,100,100],"ix":6,"l":2}},"ao":0,"ip":10,"op":11,"st":10,"bm":0},{"ddd":0,"ind":39,"ty":2,"nm":"you_age_09.png","cl":"png","refId":"image_38","sr":1,"ks":{"o":{"a":0,"k":100,"ix":11},"r":{"a":0,"k":0,"ix":10},"p":{"a":0,"k":[95,38.5,0],"ix":2,"l":2},"a":{"a":0,"k":[95,38.5,0],"ix":1,"l":2},"s":{"a":0,"k":[100,100,100],"ix":6,"l":2}},"ao":0,"ip":9,"op":10,"st":9,"bm":0},{"ddd":0,"ind":40,"ty":2,"nm":"you_age_08.png","cl":"png","refId":"image_39","sr":1,"ks":{"o":{"a":0,"k":100,"ix":11},"r":{"a":0,"k":0,"ix":10},"p":{"a":0,"k":[95,38.5,0],"ix":2,"l":2},"a":{"a":0,"k":[95,38.5,0],"ix":1,"l":2},"s":{"a":0,"k":[100,100,100],"ix":6,"l":2}},"ao":0,"ip":8,"op":9,"st":8,"bm":0},{"ddd":0,"ind":41,"ty":2,"nm":"you_age_07.png","cl":"png","refId":"image_40","sr":1,"ks":{"o":{"a":0,"k":100,"ix":11},"r":{"a":0,"k":0,"ix":10},"p":{"a":0,"k":[95,38.5,0],"ix":2,"l":2},"a":{"a":0,"k":[95,38.5,0],"ix":1,"l":2},"s":{"a":0,"k":[100,100,100],"ix":6,"l":2}},"ao":0,"ip":7,"op":8,"st":7,"bm":0},{"ddd":0,"ind":42,"ty":2,"nm":"you_age_06.png","cl":"png","refId":"image_41","sr":1,"ks":{"o":{"a":0,"k":100,"ix":11},"r":{"a":0,"k":0,"ix":10},"p":{"a":0,"k":[95,38.5,0],"ix":2,"l":2},"a":{"a":0,"k":[95,38.5,0],"ix":1,"l":2},"s":{"a":0,"k":[100,100,100],"ix":6,"l":2}},"ao":0,"ip":6,"op":7,"st":6,"bm":0},{"ddd":0,"ind":43,"ty":2,"nm":"you_age_05.png","cl":"png","refId":"image_42","sr":1,"ks":{"o":{"a":0,"k":100,"ix":11},"r":{"a":0,"k":0,"ix":10},"p":{"a":0,"k":[95,38.5,0],"ix":2,"l":2},"a":{"a":0,"k":[95,38.5,0],"ix":1,"l":2},"s":{"a":0,"k":[100,100,100],"ix":6,"l":2}},"ao":0,"ip":5,"op":6,"st":5,"bm":0},{"ddd":0,"ind":44,"ty":2,"nm":"you_age_04.png","cl":"png","refId":"image_43","sr":1,"ks":{"o":{"a":0,"k":100,"ix":11},"r":{"a":0,"k":0,"ix":10},"p":{"a":0,"k":[95,38.5,0],"ix":2,"l":2},"a":{"a":0,"k":[95,38.5,0],"ix":1,"l":2},"s":{"a":0,"k":[100,100,100],"ix":6,"l":2}},"ao":0,"ip":4,"op":5,"st":4,"bm":0},{"ddd":0,"ind":45,"ty":2,"nm":"you_age_03.png","cl":"png","refId":"image_44","sr":1,"ks":{"o":{"a":0,"k":100,"ix":11},"r":{"a":0,"k":0,"ix":10},"p":{"a":0,"k":[95,38.5,0],"ix":2,"l":2},"a":{"a":0,"k":[95,38.5,0],"ix":1,"l":2},"s":{"a":0,"k":[100,100,100],"ix":6,"l":2}},"ao":0,"ip":3,"op":4,"st":3,"bm":0},{"ddd":0,"ind":46,"ty":2,"nm":"you_age_02.png","cl":"png","refId":"image_45","sr":1,"ks":{"o":{"a":0,"k":100,"ix":11},"r":{"a":0,"k":0,"ix":10},"p":{"a":0,"k":[95,38.5,0],"ix":2,"l":2},"a":{"a":0,"k":[95,38.5,0],"ix":1,"l":2},"s":{"a":0,"k":[100,100,100],"ix":6,"l":2}},"ao":0,"ip":2,"op":3,"st":2,"bm":0},{"ddd":0,"ind":47,"ty":2,"nm":"you_age_01.png","cl":"png","refId":"image_46","sr":1,"ks":{"o":{"a":0,"k":100,"ix":11},"r":{"a":0,"k":0,"ix":10},"p":{"a":0,"k":[95,38.5,0],"ix":2,"l":2},"a":{"a":0,"k":[95,38.5,0],"ix":1,"l":2},"s":{"a":0,"k":[100,100,100],"ix":6,"l":2}},"ao":0,"ip":1,"op":2,"st":1,"bm":0},{"ddd":0,"ind":48,"ty":2,"nm":"you_age_00.png","cl":"png","refId":"image_47","sr":1,"ks":{"o":{"a":0,"k":100,"ix":11},"r":{"a":0,"k":0,"ix":10},"p":{"a":0,"k":[95,38.5,0],"ix":2,"l":2},"a":{"a":0,"k":[95,38.5,0],"ix":1,"l":2},"s":{"a":0,"k":[100,100,100],"ix":6,"l":2}},"ao":0,"ip":0,"op":1,"st":0,"bm":0}],"markers":[]}